{"episode_types": ["t"], "initial_reset_timestamp": 1568031324.654959, "timestamps": [1568031329.693309], "episode_lengths": [108], "episode_rewards": [-108.0]}